pair,asset_a,asset_b,window_start,window_end,stat,pvalue
SOL_GBP-BCH_GBP,SOL_GBP,BCH_GBP,2021-10-29T04:27:00.000000,2021-11-28T03:27:00.000000,-2.2262019376249267,0.4108957235950541
SOL_GBP-BCH_GBP,SOL_GBP,BCH_GBP,2021-11-04T18:27:00.000000,2021-12-04T17:27:00.000000,-2.506229347265427,0.2763286245722005
SOL_GBP-BCH_GBP,SOL_GBP,BCH_GBP,2021-12-03T09:27:00.000000,2022-01-02T08:27:00.000000,-2.7792777215115017,0.1723671934329261
SOL_GBP-BCH_GBP,SOL_GBP,BCH_GBP,2021-12-08T15:27:00.000000,2022-01-07T14:27:00.000000,-3.1542582256066356,0.0779162315201351
SOL_GBP-BCH_GBP,SOL_GBP,BCH_GBP,2021-12-13T08:27:00.000000,2022-01-12T07:27:00.000000,-3.8789698320114248,0.010602267795270985
SOL_GBP-BCH_GBP,SOL_GBP,BCH_GBP,2021-12-16T12:27:00.000000,2022-01-15T11:27:00.000000,-4.036045332414925,0.0063755212470681605
SOL_GBP-BCH_GBP,SOL_GBP,BCH_GBP,2022-02-08T16:27:00.000000,2022-03-10T15:27:00.000000,-3.711735511482214,0.017698444371933023
SOL_GBP-BCH_GBP,SOL_GBP,BCH_GBP,2022-04-09T01:27:00.000000,2022-05-09T00:27:00.000000,-2.6826206482393595,0.2058914786586281
SOL_GBP-BCH_GBP,SOL_GBP,BCH_GBP,2022-05-06T14:27:00.000000,2022-06-05T13:27:00.000000,-2.6497486507140615,0.21817007407399436
SOL_GBP-BCH_GBP,SOL_GBP,BCH_GBP,2022-06-05T15:27:00.000000,2022-07-05T14:27:00.000000,-1.706071281539859,0.674125536516467
SOL_GBP-BCH_GBP,SOL_GBP,BCH_GBP,2022-07-16T23:27:00.000000,2022-08-15T22:27:00.000000,-2.350172412283897,0.3488024073069641
SOL_GBP-BCH_GBP,SOL_GBP,BCH_GBP,2022-10-04T01:27:00.000000,2022-11-03T00:27:00.000000,-2.6697904171132705,0.21063144092010128
SOL_GBP-BCH_GBP,SOL_GBP,BCH_GBP,2023-02-05T06:27:00.000000,2023-03-07T05:27:00.000000,-3.624164920006626,0.02286413217072992
SOL_GBP-BCH_GBP,SOL_GBP,BCH_GBP,2023-03-02T21:27:00.000000,2023-04-01T20:27:00.000000,-2.800786979995408,0.16543440795933095
SOL_GBP-BCH_GBP,SOL_GBP,BCH_GBP,2023-04-22T10:27:00.000000,2023-05-22T09:27:00.000000,-1.1006668101325021,0.8820319507157844
SOL_GBP-BCH_GBP,SOL_GBP,BCH_GBP,2023-06-09T20:27:00.000000,2023-07-09T19:27:00.000000,-2.30467410954359,0.37122277596173014
SOL_GBP-BCH_GBP,SOL_GBP,BCH_GBP,2023-06-19T04:27:00.000000,2023-07-19T03:27:00.000000,-0.3187438046186879,0.9750019029254527
SOL_GBP-BCH_GBP,SOL_GBP,BCH_GBP,2023-06-26T21:27:00.000000,2023-07-26T20:27:00.000000,-2.4313173909570094,0.3101693867368952
SOL_GBP-BCH_GBP,SOL_GBP,BCH_GBP,2023-06-30T20:27:00.000000,2023-07-30T19:27:00.000000,-2.5802218121311906,0.24487869958336894
SOL_GBP-BCH_GBP,SOL_GBP,BCH_GBP,2023-07-07T20:27:00.000000,2023-08-06T19:27:00.000000,-1.537324066550443,0.7466034432221754
SOL_GBP-BCH_GBP,SOL_GBP,BCH_GBP,2023-07-08T04:27:00.000000,2023-08-07T03:27:00.000000,-1.5423864904467375,0.7445825111256251
SOL_GBP-BCH_GBP,SOL_GBP,BCH_GBP,2023-09-25T13:27:00.000000,2023-10-25T12:27:00.000000,-1.339082698727031,0.8176307501815253
SOL_GBP-BCH_GBP,SOL_GBP,BCH_GBP,2023-10-16T00:27:00.000000,2023-11-14T23:27:00.000000,-0.7633029031223688,0.9393584727743792
SOL_GBP-BCH_GBP,SOL_GBP,BCH_GBP,2023-11-06T01:27:00.000000,2023-12-06T00:27:00.000000,-2.5435726364514846,0.26019759516428165
SOL_GBP-BCH_GBP,SOL_GBP,BCH_GBP,2023-12-06T16:27:00.000000,2024-01-05T15:27:00.000000,-1.5960651275425066,0.7225479780597138
SOL_GBP-BCH_GBP,SOL_GBP,BCH_GBP,2023-12-21T09:27:00.000000,2024-01-20T08:27:00.000000,-2.8690583578982842,0.14469749050024006
SOL_GBP-BCH_GBP,SOL_GBP,BCH_GBP,2024-04-22T13:27:00.000000,2024-05-22T12:27:00.000000,-1.6381713345804483,0.7045126037035977
SOL_GBP-BCH_GBP,SOL_GBP,BCH_GBP,2024-05-11T16:27:00.000000,2024-06-10T15:27:00.000000,-3.2621118170571965,0.06014014928501871
SOL_GBP-BCH_GBP,SOL_GBP,BCH_GBP,2024-05-28T03:27:00.000000,2024-06-27T02:27:00.000000,-4.060256339636118,0.005881214281328338
SOL_GBP-BCH_GBP,SOL_GBP,BCH_GBP,2024-07-05T15:27:00.000000,2024-08-04T14:27:00.000000,-2.178232434703587,0.4356153347142694
SOL_GBP-BCH_GBP,SOL_GBP,BCH_GBP,2024-08-04T12:27:00.000000,2024-09-03T11:27:00.000000,-2.965107748276301,0.1187340929616964
SOL_GBP-BCH_GBP,SOL_GBP,BCH_GBP,2024-08-10T13:27:00.000000,2024-09-09T12:27:00.000000,-2.560833050400393,0.2529183632157218
SOL_GBP-BCH_GBP,SOL_GBP,BCH_GBP,2024-09-05T19:27:00.000000,2024-10-05T18:27:00.000000,-1.783091617415335,0.6378981724844875
SOL_GBP-BCH_GBP,SOL_GBP,BCH_GBP,2024-10-04T21:27:00.000000,2024-11-03T20:27:00.000000,-2.472938799254133,0.2911324644637892
SOL_GBP-BCH_GBP,SOL_GBP,BCH_GBP,2024-11-10T10:27:00.000000,2024-12-10T09:27:00.000000,-2.1578516440354276,0.446192872575433
SOL_GBP-BCH_GBP,SOL_GBP,BCH_GBP,2024-11-14T09:27:00.000000,2024-12-14T08:27:00.000000,-2.22977058610364,0.40906875760217476
SOL_GBP-BCH_GBP,SOL_GBP,BCH_GBP,2024-12-04T11:27:00.000000,2025-01-03T10:27:00.000000,-3.371181427259945,0.04565367224646478
SOL_GBP-BCH_GBP,SOL_GBP,BCH_GBP,2024-12-13T02:27:00.000000,2025-01-12T01:27:00.000000,-2.7601262442545487,0.17870179422374788
SOL_GBP-BCH_GBP,SOL_GBP,BCH_GBP,2024-12-17T08:27:00.000000,2025-01-16T07:27:00.000000,-2.7768319333402482,0.1731676793148299
SOL_GBP-BCH_GBP,SOL_GBP,BCH_GBP,2024-12-24T05:27:00.000000,2025-01-23T04:27:00.000000,-0.3259309682961592,0.9746546473499305
SOL_GBP-BCH_GBP,SOL_GBP,BCH_GBP,2025-02-21T04:27:00.000000,2025-03-23T03:27:00.000000,-2.5334474854078164,0.2645202496860358
SOL_GBP-BCH_GBP,SOL_GBP,BCH_GBP,2025-03-01T07:27:00.000000,2025-03-31T06:27:00.000000,-2.707679795231801,0.19682872440638444
SOL_GBP-BCH_GBP,SOL_GBP,BCH_GBP,2025-03-19T23:27:00.000000,2025-04-18T22:27:00.000000,-2.6715457996839347,0.209978959304721
SOL_GBP-BCH_GBP,SOL_GBP,BCH_GBP,2025-04-18T13:27:00.000000,2025-05-18T12:27:00.000000,-3.586332776546244,0.025471758515184347
SOL_GBP-BCH_GBP,SOL_GBP,BCH_GBP,2025-04-19T04:27:00.000000,2025-05-19T03:27:00.000000,-3.560026849120484,0.027432353220310304
SOL_GBP-BCH_GBP,SOL_GBP,BCH_GBP,2025-06-05T08:27:00.000000,2025-07-05T07:27:00.000000,-2.259428036507631,0.39396276539667013
SOL_GBP-BCH_GBP,SOL_GBP,BCH_GBP,2025-06-14T04:27:00.000000,2025-07-14T03:27:00.000000,-2.5351930836968632,0.2637722697675413
SOL_GBP-BCH_GBP,SOL_GBP,BCH_GBP,2025-08-05T23:27:00.000000,2025-09-04T22:27:00.000000,-2.0989437219335456,0.47691934261020535
SOL_GBP-BCH_GBP,SOL_GBP,BCH_GBP,2025-10-15T23:27:00.000000,2025-11-14T22:27:00.000000,-0.4708323712042259,0.9663444460127181
SOL_GBP-BCH_GBP,SOL_GBP,BCH_GBP,2025-10-22T10:27:00.000000,2025-11-21T09:27:00.000000,-1.8550266193094462,0.6026296460559026
SOL_GBP-ADA_GBP,SOL_GBP,ADA_GBP,2021-07-25T20:27:00.000000,2021-08-24T19:27:00.000000,-2.5148941671382463,0.2725400534955261
SOL_GBP-ADA_GBP,SOL_GBP,ADA_GBP,2021-08-10T18:27:00.000000,2021-09-09T17:27:00.000000,0.5902437784640022,0.9931669422216598
SOL_GBP-ADA_GBP,SOL_GBP,ADA_GBP,2021-08-20T06:27:00.000000,2021-09-19T05:27:00.000000,-2.0345869862933097,0.5105587937075073
SOL_GBP-ADA_GBP,SOL_GBP,ADA_GBP,2021-09-27T03:27:00.000000,2021-10-27T02:27:00.000000,-0.9108648578441234,0.9184909870582888
SOL_GBP-ADA_GBP,SOL_GBP,ADA_GBP,2022-03-11T04:27:00.000000,2022-04-10T03:27:00.000000,-1.577325474072303,0.7303648213358358
SOL_GBP-ADA_GBP,SOL_GBP,ADA_GBP,2022-05-17T12:27:00.000000,2022-06-16T11:27:00.000000,-1.5054681754756014,0.759089291176138
SOL_GBP-ADA_GBP,SOL_GBP,ADA_GBP,2022-07-12T17:27:00.000000,2022-08-11T16:27:00.000000,-3.3315708929037213,0.05053961376733161
SOL_GBP-ADA_GBP,SOL_GBP,ADA_GBP,2022-09-12T23:27:00.000000,2022-10-12T22:27:00.000000,-2.110444993016256,0.47090848125066853
SOL_GBP-ADA_GBP,SOL_GBP,ADA_GBP,2022-09-29T02:27:00.000000,2022-10-29T01:27:00.000000,-2.360190684576808,0.3439337141728097
SOL_GBP-ADA_GBP,SOL_GBP,ADA_GBP,2022-10-03T09:27:00.000000,2022-11-02T08:27:00.000000,-2.4269169886713176,0.31221471783404553
SOL_GBP-ADA_GBP,SOL_GBP,ADA_GBP,2022-10-06T18:27:00.000000,2022-11-05T17:27:00.000000,-2.058846838999027,0.49788549111982433
SOL_GBP-ADA_GBP,SOL_GBP,ADA_GBP,2022-10-06T21:27:00.000000,2022-11-05T20:27:00.000000,-2.0561755129119037,0.4992818362367279
SOL_GBP-ADA_GBP,SOL_GBP,ADA_GBP,2022-11-24T08:27:00.000000,2022-12-24T07:27:00.000000,-1.3463662763503155,0.8153057053932549
SOL_GBP-ADA_GBP,SOL_GBP,ADA_GBP,2023-03-17T11:27:00.000000,2023-04-16T10:27:00.000000,-1.096012059031275,0.8830728317243843
SOL_GBP-ADA_GBP,SOL_GBP,ADA_GBP,2023-03-31T22:27:00.000000,2023-04-30T21:27:00.000000,-3.1412961927061134,0.08030585603983831
SOL_GBP-ADA_GBP,SOL_GBP,ADA_GBP,2023-04-18T06:27:00.000000,2023-05-18T05:27:00.000000,-2.213335195818847,0.417497854914975
SOL_GBP-ADA_GBP,SOL_GBP,ADA_GBP,2023-04-20T06:27:00.000000,2023-05-20T05:27:00.000000,-2.2149685936115775,0.4166584725865116
SOL_GBP-ADA_GBP,SOL_GBP,ADA_GBP,2023-05-20T07:27:00.000000,2023-06-19T06:27:00.000000,-2.3157676337764395,0.36571182358186083
SOL_GBP-ADA_GBP,SOL_GBP,ADA_GBP,2023-05-23T17:27:00.000000,2023-06-22T16:27:00.000000,-2.747375163070026,0.18300390746876316
SOL_GBP-ADA_GBP,SOL_GBP,ADA_GBP,2023-05-24T10:27:00.000000,2023-06-23T09:27:00.000000,-2.794531520357444,0.1674308349535939
SOL_GBP-ADA_GBP,SOL_GBP,ADA_GBP,2023-07-08T21:27:00.000000,2023-08-07T20:27:00.000000,-3.028076065361599,0.10368171277753496
SOL_GBP-ADA_GBP,SOL_GBP,ADA_GBP,2023-07-18T10:27:00.000000,2023-08-17T09:27:00.000000,-2.5037667386557256,0.2774103083200038
SOL_GBP-ADA_GBP,SOL_GBP,ADA_GBP,2023-07-30T03:27:00.000000,2023-08-29T02:27:00.000000,-2.1631790817093353,0.4434244678914422
SOL_GBP-ADA_GBP,SOL_GBP,ADA_GBP,2023-08-08T13:27:00.000000,2023-09-07T12:27:00.000000,-2.188444560845874,0.43033017327321893
SOL_GBP-ADA_GBP,SOL_GBP,ADA_GBP,2023-09-02T07:27:00.000000,2023-10-02T06:27:00.000000,-3.2415878050736655,0.06324390999460344
SOL_GBP-ADA_GBP,SOL_GBP,ADA_GBP,2023-10-03T02:27:00.000000,2023-11-02T01:27:00.000000,-1.03947193748213,0.8951016163029374
SOL_GBP-ADA_GBP,SOL_GBP,ADA_GBP,2023-11-20T11:27:00.000000,2023-12-20T10:27:00.000000,-3.7532757110883637,0.01562761137132746
SOL_GBP-ADA_GBP,SOL_GBP,ADA_GBP,2023-12-10T17:27:00.000000,2024-01-09T16:27:00.000000,-1.4767550737788024,0.7699971590527996
SOL_GBP-ADA_GBP,SOL_GBP,ADA_GBP,2024-01-25T17:27:00.000000,2024-02-24T16:27:00.000000,-2.4139417792111995,0.318280558155294
SOL_GBP-ADA_GBP,SOL_GBP,ADA_GBP,2024-02-10T18:27:00.000000,2024-03-11T17:27:00.000000,-2.15324397273933,0.4485890534506058
SOL_GBP-ADA_GBP,SOL_GBP,ADA_GBP,2024-02-21T06:27:00.000000,2024-03-22T05:27:00.000000,-0.4409734935648841,0.9682780895174558
SOL_GBP-ADA_GBP,SOL_GBP,ADA_GBP,2024-05-04T04:27:00.000000,2024-06-03T03:27:00.000000,-1.9738255955557191,0.5421541683721873
SOL_GBP-ADA_GBP,SOL_GBP,ADA_GBP,2024-05-24T11:27:00.000000,2024-06-23T10:27:00.000000,-3.5859188341933055,0.025501650633486847
SOL_GBP-ADA_GBP,SOL_GBP,ADA_GBP,2024-08-10T04:27:00.000000,2024-09-09T03:27:00.000000,-2.8646089132816823,0.14599055478899647
SOL_GBP-ADA_GBP,SOL_GBP,ADA_GBP,2024-10-30T12:27:00.000000,2024-11-29T11:27:00.000000,-2.1511613245494843,0.44967263833408094
SOL_GBP-ADA_GBP,SOL_GBP,ADA_GBP,2024-12-09T17:27:00.000000,2025-01-08T16:27:00.000000,-3.3550490412666436,0.04759419936945073
SOL_GBP-ADA_GBP,SOL_GBP,ADA_GBP,2025-02-24T18:27:00.000000,2025-03-26T17:27:00.000000,-2.3467531883492487,0.35046997126292656
SOL_GBP-ADA_GBP,SOL_GBP,ADA_GBP,2025-03-18T04:27:00.000000,2025-04-17T03:27:00.000000,-3.351159369786242,0.048072138445927025
SOL_GBP-ADA_GBP,SOL_GBP,ADA_GBP,2025-03-18T17:27:00.000000,2025-04-17T16:27:00.000000,-3.343927580868882,0.04897126458923764
SOL_GBP-ADA_GBP,SOL_GBP,ADA_GBP,2025-03-30T12:27:00.000000,2025-04-29T11:27:00.000000,-2.499379383240101,0.27934280310971105
SOL_GBP-ADA_GBP,SOL_GBP,ADA_GBP,2025-06-11T08:27:00.000000,2025-07-11T07:27:00.000000,-2.6120426705998514,0.23200592446413437
SOL_GBP-ADA_GBP,SOL_GBP,ADA_GBP,2025-06-16T07:27:00.000000,2025-07-16T06:27:00.000000,-3.1480403511572623,0.07905546498227733
SOL_GBP-ADA_GBP,SOL_GBP,ADA_GBP,2025-08-16T13:27:00.000000,2025-09-15T12:27:00.000000,-0.7932441228517328,0.9355858073389225
SOL_GBP-ADA_GBP,SOL_GBP,ADA_GBP,2025-09-01T14:27:00.000000,2025-10-01T13:27:00.000000,-3.4665483669512827,0.0354782645686174
SOL_GBP-ADA_GBP,SOL_GBP,ADA_GBP,2025-09-05T01:27:00.000000,2025-10-05T00:27:00.000000,-2.9178667314456694,0.13104168691277168
SOL_GBP-ADA_GBP,SOL_GBP,ADA_GBP,2025-09-15T07:27:00.000000,2025-10-15T06:27:00.000000,-4.023928414416406,0.006636771435591176
SOL_GBP-ADA_GBP,SOL_GBP,ADA_GBP,2025-09-20T10:27:00.000000,2025-10-20T09:27:00.000000,-3.359187048815699,0.04709006238384365
SOL_GBP-ADA_GBP,SOL_GBP,ADA_GBP,2025-10-05T00:27:00.000000,2025-11-03T23:27:00.000000,-4.434985599440112,0.0015630970415910265
SOL_GBP-ADA_GBP,SOL_GBP,ADA_GBP,2025-11-15T16:27:00.000000,2025-12-15T15:27:00.000000,-3.8184734494584287,0.012806251083834003
SOL_GBP-ADA_GBP,SOL_GBP,ADA_GBP,2025-11-28T12:27:00.000000,2025-12-28T11:27:00.000000,-4.668813410100323,0.000637926237505978
SOL_GBP-XRP_GBP,SOL_GBP,XRP_GBP,2021-08-16T12:27:00.000000,2021-09-15T11:27:00.000000,-1.3752953880159207,0.805855772494972
SOL_GBP-XRP_GBP,SOL_GBP,XRP_GBP,2021-08-19T09:27:00.000000,2021-09-18T08:27:00.000000,-1.6222463896065358,0.7114092313403717
SOL_GBP-XRP_GBP,SOL_GBP,XRP_GBP,2021-12-05T14:27:00.000000,2022-01-04T13:27:00.000000,-2.375215658276365,0.3366814673282139
SOL_GBP-XRP_GBP,SOL_GBP,XRP_GBP,2021-12-07T09:27:00.000000,2022-01-06T08:27:00.000000,-3.1737607468074915,0.07442658087718858
SOL_GBP-XRP_GBP,SOL_GBP,XRP_GBP,2021-12-27T11:27:00.000000,2022-01-26T10:27:00.000000,-5.322844388224769,0.00004021302449322956
SOL_GBP-XRP_GBP,SOL_GBP,XRP_GBP,2022-01-08T09:27:00.000000,2022-02-07T08:27:00.000000,-4.010232631282788,0.006943690218090998
SOL_GBP-XRP_GBP,SOL_GBP,XRP_GBP,2022-01-30T18:27:00.000000,2022-03-01T17:27:00.000000,-1.59109238491841,0.7246350654325188
SOL_GBP-XRP_GBP,SOL_GBP,XRP_GBP,2022-04-04T05:27:00.000000,2022-05-04T04:27:00.000000,-3.5803293835222747,0.02590824799373851
SOL_GBP-XRP_GBP,SOL_GBP,XRP_GBP,2022-04-05T09:27:00.000000,2022-05-05T08:27:00.000000,-2.594095049465735,0.23921673046347947
SOL_GBP-XRP_GBP,SOL_GBP,XRP_GBP,2022-05-03T22:27:00.000000,2022-06-02T21:27:00.000000,-3.7675779862700756,0.014965660834203146
SOL_GBP-XRP_GBP,SOL_GBP,XRP_GBP,2022-05-30T00:27:00.000000,2022-06-28T23:27:00.000000,-1.9091182724028166,0.5753750708075924
SOL_GBP-XRP_GBP,SOL_GBP,XRP_GBP,2022-06-09T02:27:00.000000,2022-07-09T01:27:00.000000,-1.9946244393479216,0.5313712359996705
SOL_GBP-XRP_GBP,SOL_GBP,XRP_GBP,2022-09-03T22:27:00.000000,2022-10-03T21:27:00.000000,-1.797277582906127,0.631043554663832
SOL_GBP-XRP_GBP,SOL_GBP,XRP_GBP,2023-01-09T10:27:00.000000,2023-02-08T09:27:00.000000,-2.5112963278955736,0.27410985802519766
SOL_GBP-XRP_GBP,SOL_GBP,XRP_GBP,2023-03-08T09:27:00.000000,2023-04-07T08:27:00.000000,-1.8418315876100777,0.6091895669277787
SOL_GBP-XRP_GBP,SOL_GBP,XRP_GBP,2023-04-20T18:27:00.000000,2023-05-20T17:27:00.000000,-2.1990110938086462,0.42487352925500144
SOL_GBP-XRP_GBP,SOL_GBP,XRP_GBP,2023-04-22T05:27:00.000000,2023-05-22T04:27:00.000000,-0.9567475442759001,0.9107481321001658
SOL_GBP-XRP_GBP,SOL_GBP,XRP_GBP,2023-04-27T10:27:00.000000,2023-05-27T09:27:00.000000,-0.9415078450623293,0.9133911046764761
SOL_GBP-XRP_GBP,SOL_GBP,XRP_GBP,2023-05-06T17:27:00.000000,2023-06-05T16:27:00.000000,-3.3826934749430793,0.0443093852043853
SOL_GBP-XRP_GBP,SOL_GBP,XRP_GBP,2023-05-06T23:27:00.000000,2023-06-05T22:27:00.000000,-2.8846006114276643,0.14024414702271448
SOL_GBP-XRP_GBP,SOL_GBP,XRP_GBP,2023-06-24T07:27:00.000000,2023-07-24T06:27:00.000000,-2.2726728233456397,0.3872651033685259
SOL_GBP-XRP_GBP,SOL_GBP,XRP_GBP,2023-11-02T11:27:00.000000,2023-12-02T10:27:00.000000,-1.9565008213922737,0.5511020328601498
SOL_GBP-XRP_GBP,SOL_GBP,XRP_GBP,2023-11-19T05:27:00.000000,2023-12-19T04:27:00.000000,-1.1586733864872938,0.8683927044362749
SOL_GBP-XRP_GBP,SOL_GBP,XRP_GBP,2023-12-03T21:27:00.000000,2024-01-02T20:27:00.000000,-0.8329255521598885,0.9302373482001711
SOL_GBP-XRP_GBP,SOL_GBP,XRP_GBP,2023-12-08T08:27:00.000000,2024-01-07T07:27:00.000000,-1.5298486710455788,0.7495693200316695
SOL_GBP-XRP_GBP,SOL_GBP,XRP_GBP,2024-02-09T23:27:00.000000,2024-03-10T22:27:00.000000,-2.613195669180579,0.2315471230964239
SOL_GBP-XRP_GBP,SOL_GBP,XRP_GBP,2024-02-18T01:27:00.000000,2024-03-19T00:27:00.000000,-1.5694773595605738,0.7335991632792833
SOL_GBP-XRP_GBP,SOL_GBP,XRP_GBP,2024-03-28T21:27:00.000000,2024-04-27T20:27:00.000000,-3.8731532312099493,0.010798400911157236
SOL_GBP-XRP_GBP,SOL_GBP,XRP_GBP,2024-05-26T15:27:00.000000,2024-06-25T14:27:00.000000,-2.459526301231338,0.29720476932651463
SOL_GBP-XRP_GBP,SOL_GBP,XRP_GBP,2024-06-15T05:27:00.000000,2024-07-15T04:27:00.000000,-3.0132852386736,0.10708128282225232
SOL_GBP-XRP_GBP,SOL_GBP,XRP_GBP,2024-06-16T15:27:00.000000,2024-07-16T14:27:00.000000,-2.68258238179907,0.205905515403716
SOL_GBP-XRP_GBP,SOL_GBP,XRP_GBP,2024-07-04T11:27:00.000000,2024-08-03T10:27:00.000000,-2.7481018349438537,0.18275691911901015
SOL_GBP-XRP_GBP,SOL_GBP,XRP_GBP,2024-07-28T12:27:00.000000,2024-08-27T11:27:00.000000,-3.1806534397485233,0.0732232141285575
SOL_GBP-XRP_GBP,SOL_GBP,XRP_GBP,2024-09-03T04:27:00.000000,2024-10-03T03:27:00.000000,-1.8260456029122623,0.6169866835573921
SOL_GBP-XRP_GBP,SOL_GBP,XRP_GBP,2024-10-01T09:27:00.000000,2024-10-31T08:27:00.000000,-0.8999370442796599,0.9202420197107031
SOL_GBP-XRP_GBP,SOL_GBP,XRP_GBP,2024-10-14T22:27:00.000000,2024-11-13T21:27:00.000000,-2.2938828481538245,0.3766091318600528
SOL_GBP-XRP_GBP,SOL_GBP,XRP_GBP,2025-01-11T21:27:00.000000,2025-02-10T20:27:00.000000,-2.3582971967259296,0.3448519197497
SOL_GBP-XRP_GBP,SOL_GBP,XRP_GBP,2025-02-14T10:27:00.000000,2025-03-16T09:27:00.000000,-3.217767916614301,0.0670063430877449
SOL_GBP-XRP_GBP,SOL_GBP,XRP_GBP,2025-03-29T20:27:00.000000,2025-04-28T19:27:00.000000,-2.3844298591472173,0.33226440014634107
SOL_GBP-XRP_GBP,SOL_GBP,XRP_GBP,2025-04-11T09:27:00.000000,2025-05-11T08:27:00.000000,-2.9159855517419206,0.13155018024343323
SOL_GBP-XRP_GBP,SOL_GBP,XRP_GBP,2025-04-16T17:27:00.000000,2025-05-16T16:27:00.000000,-4.091034262369354,0.0053031020927825495
SOL_GBP-XRP_GBP,SOL_GBP,XRP_GBP,2025-06-25T22:27:00.000000,2025-07-25T21:27:00.000000,-2.7941076039332993,0.1675667152847804
SOL_GBP-XRP_GBP,SOL_GBP,XRP_GBP,2025-08-06T02:27:00.000000,2025-09-05T01:27:00.000000,-2.6189139042023415,0.22927969358340633
SOL_GBP-XRP_GBP,SOL_GBP,XRP_GBP,2025-08-26T14:27:00.000000,2025-09-25T13:27:00.000000,-2.9492924611555864,0.12275604486297492
SOL_GBP-XRP_GBP,SOL_GBP,XRP_GBP,2025-09-19T20:27:00.000000,2025-10-19T19:27:00.000000,-2.195492443453328,0.4266891713733007
SOL_GBP-XRP_GBP,SOL_GBP,XRP_GBP,2025-10-12T00:27:00.000000,2025-11-10T23:27:00.000000,-1.0951707302710219,0.8832601320105937
SOL_GBP-XRP_GBP,SOL_GBP,XRP_GBP,2025-10-12T12:27:00.000000,2025-11-11T11:27:00.000000,-0.8863617620000432,0.9223688727731274
SOL_GBP-XRP_GBP,SOL_GBP,XRP_GBP,2025-11-10T16:27:00.000000,2025-12-10T15:27:00.000000,-3.8548016078884944,0.011438584742245319
SOL_GBP-XRP_GBP,SOL_GBP,XRP_GBP,2025-11-17T19:27:00.000000,2025-12-17T18:27:00.000000,-4.8609026364858074,0.0002942365467683919
SOL_GBP-XRP_GBP,SOL_GBP,XRP_GBP,2025-11-20T18:27:00.000000,2025-12-20T17:27:00.000000,-4.458148728582178,0.0014336205295920688
BCH_GBP-ADA_GBP,BCH_GBP,ADA_GBP,2021-09-27T16:27:00.000000,2021-10-27T15:27:00.000000,-2.236481835152119,0.4056380915785772
BCH_GBP-ADA_GBP,BCH_GBP,ADA_GBP,2021-10-02T05:27:00.000000,2021-11-01T04:27:00.000000,-2.9797134669499363,0.11510668320523632
BCH_GBP-ADA_GBP,BCH_GBP,ADA_GBP,2021-10-14T22:27:00.000000,2021-11-13T21:27:00.000000,-2.3869303292441804,0.33106982647076066
BCH_GBP-ADA_GBP,BCH_GBP,ADA_GBP,2022-01-26T04:27:00.000000,2022-02-25T03:27:00.000000,-2.296875554793702,0.375112888640319
BCH_GBP-ADA_GBP,BCH_GBP,ADA_GBP,2022-01-26T16:27:00.000000,2022-02-25T15:27:00.000000,-2.0214987936921625,0.5173860324928345
BCH_GBP-ADA_GBP,BCH_GBP,ADA_GBP,2022-10-11T14:27:00.000000,2022-11-10T13:27:00.000000,-0.9430807137008815,0.9131216486150873
BCH_GBP-ADA_GBP,BCH_GBP,ADA_GBP,2022-11-03T14:27:00.000000,2022-12-03T13:27:00.000000,-2.228287447915154,0.4098278217509839
BCH_GBP-ADA_GBP,BCH_GBP,ADA_GBP,2023-01-14T00:27:00.000000,2023-02-12T23:27:00.000000,-3.6728261837817597,0.01985213409977198
BCH_GBP-ADA_GBP,BCH_GBP,ADA_GBP,2023-02-16T18:27:00.000000,2023-03-18T17:27:00.000000,-2.0490281080283856,0.5030170346868978
BCH_GBP-ADA_GBP,BCH_GBP,ADA_GBP,2023-05-02T02:27:00.000000,2023-06-01T01:27:00.000000,-1.709135853006541,0.6727181954536372
BCH_GBP-ADA_GBP,BCH_GBP,ADA_GBP,2023-05-07T23:27:00.000000,2023-06-06T22:27:00.000000,0.38726444686388983,0.9917753309730394
BCH_GBP-ADA_GBP,BCH_GBP,ADA_GBP,2023-05-14T02:27:00.000000,2023-06-13T01:27:00.000000,-2.446629244131826,0.3031001755724537
BCH_GBP-ADA_GBP,BCH_GBP,ADA_GBP,2023-05-15T13:27:00.000000,2023-06-14T12:27:00.000000,-2.4605144193757202,0.29675535346275145
BCH_GBP-ADA_GBP,BCH_GBP,ADA_GBP,2023-05-26T08:27:00.000000,2023-06-25T07:27:00.000000,3.035086732659932,1.0
BCH_GBP-ADA_GBP,BCH_GBP,ADA_GBP,2023-06-01T03:27:00.000000,2023-07-01T02:27:00.000000,1.618853417373575,1.0
BCH_GBP-ADA_GBP,BCH_GBP,ADA_GBP,2023-08-06T09:27:00.000000,2023-09-05T08:27:00.000000,-2.690791578135606,0.20290802382203316
BCH_GBP-ADA_GBP,BCH_GBP,ADA_GBP,2023-09-05T04:27:00.000000,2023-10-05T03:27:00.000000,-1.8904332067852425,0.584851083468773
BCH_GBP-ADA_GBP,BCH_GBP,ADA_GBP,2023-10-11T02:27:00.000000,2023-11-10T01:27:00.000000,-1.4055296698349733,0.7956115416252638
BCH_GBP-ADA_GBP,BCH_GBP,ADA_GBP,2023-10-16T03:27:00.000000,2023-11-15T02:27:00.000000,-1.7502957291246686,0.6535359649847596
BCH_GBP-ADA_GBP,BCH_GBP,ADA_GBP,2023-11-09T02:27:00.000000,2023-12-09T01:27:00.000000,-2.700955343952579,0.19923525534993802
BCH_GBP-ADA_GBP,BCH_GBP,ADA_GBP,2023-11-10T11:27:00.000000,2023-12-10T10:27:00.000000,-2.2904529756566885,0.3783262200095959
BCH_GBP-ADA_GBP,BCH_GBP,ADA_GBP,2023-11-14T10:27:00.000000,2023-12-14T09:27:00.000000,-1.6682100603272096,0.6912612177279351
BCH_GBP-ADA_GBP,BCH_GBP,ADA_GBP,2023-11-22T21:27:00.000000,2023-12-22T20:27:00.000000,-1.7712265289103988,0.6435901715357063
BCH_GBP-ADA_GBP,BCH_GBP,ADA_GBP,2024-01-02T15:27:00.000000,2024-02-01T14:27:00.000000,-3.1972259094627824,0.07039294734639885
BCH_GBP-ADA_GBP,BCH_GBP,ADA_GBP,2024-01-08T17:27:00.000000,2024-02-07T16:27:00.000000,-4.706352981233613,0.0005498273881072397
BCH_GBP-ADA_GBP,BCH_GBP,ADA_GBP,2024-01-18T14:27:00.000000,2024-02-17T13:27:00.000000,-2.8124777125499523,0.16174682667165796
BCH_GBP-ADA_GBP,BCH_GBP,ADA_GBP,2024-01-19T05:27:00.000000,2024-02-18T04:27:00.000000,-2.8464927607060555,0.1513391193589006
BCH_GBP-ADA_GBP,BCH_GBP,ADA_GBP,2024-02-23T01:27:00.000000,2024-03-24T00:27:00.000000,-1.2683719657957462,0.8390765703115555
BCH_GBP-ADA_GBP,BCH_GBP,ADA_GBP,2024-04-15T09:27:00.000000,2024-05-15T08:27:00.000000,-3.563193385080884,0.027189698279381606
BCH_GBP-ADA_GBP,BCH_GBP,ADA_GBP,2024-04-19T14:27:00.000000,2024-05-19T13:27:00.000000,-3.302951325561898,0.0543309586462943
BCH_GBP-ADA_GBP,BCH_GBP,ADA_GBP,2024-06-24T05:27:00.000000,2024-07-24T04:27:00.000000,-2.657088972961231,0.2153900728783925
BCH_GBP-ADA_GBP,BCH_GBP,ADA_GBP,2024-08-10T06:27:00.000000,2024-09-09T05:27:00.000000,-1.4507206608629466,0.7795997819224291
BCH_GBP-ADA_GBP,BCH_GBP,ADA_GBP,2024-08-13T12:27:00.000000,2024-09-12T11:27:00.000000,-1.8487414671261035,0.6057590126329901
BCH_GBP-ADA_GBP,BCH_GBP,ADA_GBP,2024-08-18T06:27:00.000000,2024-09-17T05:27:00.000000,-2.4149671771295678,0.31779931679270396
BCH_GBP-ADA_GBP,BCH_GBP,ADA_GBP,2024-09-16T19:27:00.000000,2024-10-16T18:27:00.000000,-1.130799151461891,0.8751026476612691
BCH_GBP-ADA_GBP,BCH_GBP,ADA_GBP,2024-09-27T23:27:00.000000,2024-10-27T22:27:00.000000,-0.7064511654627275,0.9459380274827397
BCH_GBP-ADA_GBP,BCH_GBP,ADA_GBP,2024-11-18T03:27:00.000000,2024-12-18T02:27:00.000000,-3.9279751265902734,0.009072050117977213
BCH_GBP-ADA_GBP,BCH_GBP,ADA_GBP,2024-11-25T18:27:00.000000,2024-12-25T17:27:00.000000,-4.306669324884135,0.002499799272137341
BCH_GBP-ADA_GBP,BCH_GBP,ADA_GBP,2024-12-08T17:27:00.000000,2025-01-07T16:27:00.000000,-2.4706087891655346,0.2921829810086401
BCH_GBP-ADA_GBP,BCH_GBP,ADA_GBP,2024-12-13T09:27:00.000000,2025-01-12T08:27:00.000000,-1.8778324807757325,0.591206191135844
BCH_GBP-ADA_GBP,BCH_GBP,ADA_GBP,2025-01-09T04:27:00.000000,2025-02-08T03:27:00.000000,-4.426535480544199,0.0016129808240169998
BCH_GBP-ADA_GBP,BCH_GBP,ADA_GBP,2025-02-02T18:27:00.000000,2025-03-04T17:27:00.000000,-2.256158139282809,0.3956211300886925
BCH_GBP-ADA_GBP,BCH_GBP,ADA_GBP,2025-02-02T20:27:00.000000,2025-03-04T19:27:00.000000,-2.0884646670631626,0.4823982749174374
BCH_GBP-ADA_GBP,BCH_GBP,ADA_GBP,2025-02-17T14:27:00.000000,2025-03-19T13:27:00.000000,-2.0583759329150793,0.4981316524653331
BCH_GBP-ADA_GBP,BCH_GBP,ADA_GBP,2025-03-20T16:27:00.000000,2025-04-19T15:27:00.000000,-1.7444485303143624,0.6562919824733983
BCH_GBP-ADA_GBP,BCH_GBP,ADA_GBP,2025-03-28T08:27:00.000000,2025-04-27T07:27:00.000000,-1.0514435298142941,0.8926480255757563
BCH_GBP-ADA_GBP,BCH_GBP,ADA_GBP,2025-04-30T07:27:00.000000,2025-05-30T06:27:00.000000,-2.8291019066810112,0.15660056062995215
BCH_GBP-ADA_GBP,BCH_GBP,ADA_GBP,2025-08-01T12:27:00.000000,2025-08-31T11:27:00.000000,-2.246574665947878,0.4004920287231934
BCH_GBP-ADA_GBP,BCH_GBP,ADA_GBP,2025-08-25T22:27:00.000000,2025-09-24T21:27:00.000000,-1.799580612055114,0.629925809850166
BCH_GBP-ADA_GBP,BCH_GBP,ADA_GBP,2025-10-04T17:27:00.000000,2025-11-03T16:27:00.000000,-1.4693375543111096,0.772761062970744
BCH_GBP-XRP_GBP,BCH_GBP,XRP_GBP,2021-07-30T14:27:00.000000,2021-08-29T13:27:00.000000,-3.587771617334339,0.025368089615408342
BCH_GBP-XRP_GBP,BCH_GBP,XRP_GBP,2021-10-15T08:27:00.000000,2021-11-14T07:27:00.000000,-2.64432914908268,0.220236621020989
BCH_GBP-XRP_GBP,BCH_GBP,XRP_GBP,2021-11-02T09:27:00.000000,2021-12-02T08:27:00.000000,-2.91898022703364,0.13074137163868393
BCH_GBP-XRP_GBP,BCH_GBP,XRP_GBP,2021-11-19T11:27:00.000000,2021-12-19T10:27:00.000000,-3.2285047452011337,0.06528881859846188
BCH_GBP-XRP_GBP,BCH_GBP,XRP_GBP,2021-12-01T19:27:00.000000,2021-12-31T18:27:00.000000,-2.4797301790717983,0.28808106410717904
BCH_GBP-XRP_GBP,BCH_GBP,XRP_GBP,2022-01-03T00:27:00.000000,2022-02-01T23:27:00.000000,-3.999428714358854,0.007194786960391064
BCH_GBP-XRP_GBP,BCH_GBP,XRP_GBP,2022-02-24T00:27:00.000000,2022-03-25T23:27:00.000000,-1.060664181932069,0.8907244411748327
BCH_GBP-XRP_GBP,BCH_GBP,XRP_GBP,2022-04-04T20:27:00.000000,2022-05-04T19:27:00.000000,-2.913912028852267,0.13211231088497583
BCH_GBP-XRP_GBP,BCH_GBP,XRP_GBP,2022-05-04T11:27:00.000000,2022-06-03T10:27:00.000000,-3.45563636038346,0.036536022264409454
BCH_GBP-XRP_GBP,BCH_GBP,XRP_GBP,2022-07-04T04:27:00.000000,2022-08-03T03:27:00.000000,-2.6093868263883446,0.23306478553422677
BCH_GBP-XRP_GBP,BCH_GBP,XRP_GBP,2022-07-28T16:27:00.000000,2022-08-27T15:27:00.000000,-2.9132551728204104,0.13229074432925775
BCH_GBP-XRP_GBP,BCH_GBP,XRP_GBP,2022-08-03T06:27:00.000000,2022-09-02T05:27:00.000000,-2.3450502136687974,0.3513016158236048
BCH_GBP-XRP_GBP,BCH_GBP,XRP_GBP,2022-08-17T12:27:00.000000,2022-09-16T11:27:00.000000,-3.2169228948813493,0.06714303786258924
BCH_GBP-XRP_GBP,BCH_GBP,XRP_GBP,2022-08-20T09:27:00.000000,2022-09-19T08:27:00.000000,-2.6049295001496895,0.23484828333395208
BCH_GBP-XRP_GBP,BCH_GBP,XRP_GBP,2022-08-25T02:27:00.000000,2022-09-24T01:27:00.000000,-2.6633900288921413,0.2130211449881551
BCH_GBP-XRP_GBP,BCH_GBP,XRP_GBP,2022-09-19T15:27:00.000000,2022-10-19T14:27:00.000000,-1.5183822750657623,0.7540759522308439
BCH_GBP-XRP_GBP,BCH_GBP,XRP_GBP,2022-09-27T00:27:00.000000,2022-10-26T23:27:00.000000,-1.6222124027116427,0.7114238528819258
BCH_GBP-XRP_GBP,BCH_GBP,XRP_GBP,2022-12-16T17:27:00.000000,2023-01-15T16:27:00.000000,-0.9097301179984215,0.9186744468724837
BCH_GBP-XRP_GBP,BCH_GBP,XRP_GBP,2022-12-21T19:27:00.000000,2023-01-20T18:27:00.000000,-2.3393491697280595,0.35409096941302065
BCH_GBP-XRP_GBP,BCH_GBP,XRP_GBP,2023-01-19T04:27:00.000000,2023-02-18T03:27:00.000000,-1.5984935074728979,0.7215254331054537
BCH_GBP-XRP_GBP,BCH_GBP,XRP_GBP,2023-04-02T22:27:00.000000,2023-05-02T21:27:00.000000,-1.76694868628804,0.6456329163457344
BCH_GBP-XRP_GBP,BCH_GBP,XRP_GBP,2023-07-21T14:27:00.000000,2023-08-20T13:27:00.000000,-2.4645910522736925,0.29490466698868983
BCH_GBP-XRP_GBP,BCH_GBP,XRP_GBP,2023-09-23T17:27:00.000000,2023-10-23T16:27:00.000000,-2.435158981590616,0.3083887706645555
BCH_GBP-XRP_GBP,BCH_GBP,XRP_GBP,2023-09-28T18:27:00.000000,2023-10-28T17:27:00.000000,-2.958992009362278,0.12027771969798068
BCH_GBP-XRP_GBP,BCH_GBP,XRP_GBP,2023-10-13T05:27:00.000000,2023-11-12T04:27:00.000000,-2.1343820890277083,0.45841334453079147
BCH_GBP-XRP_GBP,BCH_GBP,XRP_GBP,2023-10-19T02:27:00.000000,2023-11-18T01:27:00.000000,-2.189911811837513,0.4295717217006601
BCH_GBP-XRP_GBP,BCH_GBP,XRP_GBP,2023-12-12T05:27:00.000000,2024-01-11T04:27:00.000000,-1.561570567480784,0.7368339594885547
BCH_GBP-XRP_GBP,BCH_GBP,XRP_GBP,2024-01-18T03:27:00.000000,2024-02-17T02:27:00.000000,-0.90254329218254,0.9198275819409445
BCH_GBP-XRP_GBP,BCH_GBP,XRP_GBP,2024-04-06T01:27:00.000000,2024-05-06T00:27:00.000000,-2.690137178956335,0.20314595407730673
BCH_GBP-XRP_GBP,BCH_GBP,XRP_GBP,2024-04-09T12:27:00.000000,2024-05-09T11:27:00.000000,-1.6528141979553725,0.6980920466016827
BCH_GBP-XRP_GBP,BCH_GBP,XRP_GBP,2024-04-18T00:27:00.000000,2024-05-17T23:27:00.000000,-2.0712685824117196,0.49139082956396324
BCH_GBP-XRP_GBP,BCH_GBP,XRP_GBP,2024-05-03T10:27:00.000000,2024-06-02T09:27:00.000000,-2.8823348383689225,0.1408872334976976
BCH_GBP-XRP_GBP,BCH_GBP,XRP_GBP,2024-09-18T14:27:00.000000,2024-10-18T13:27:00.000000,-1.068315339949391,0.8891057416261248
BCH_GBP-XRP_GBP,BCH_GBP,XRP_GBP,2024-09-26T19:27:00.000000,2024-10-26T18:27:00.000000,-0.8467208522020269,0.9282810377256078
BCH_GBP-XRP_GBP,BCH_GBP,XRP_GBP,2024-10-25T10:27:00.000000,2024-11-24T09:27:00.000000,-2.675206237852019,0.20862241554124944
BCH_GBP-XRP_GBP,BCH_GBP,XRP_GBP,2024-11-22T14:27:00.000000,2024-12-22T13:27:00.000000,-1.5109786766068585,0.7569581786564454
BCH_GBP-XRP_GBP,BCH_GBP,XRP_GBP,2024-12-03T18:27:00.000000,2025-01-02T17:27:00.000000,-2.012812579557495,0.5219117414826958
BCH_GBP-XRP_GBP,BCH_GBP,XRP_GBP,2024-12-07T11:27:00.000000,2025-01-06T10:27:00.000000,-2.6873130210835003,0.20417479746169875
BCH_GBP-XRP_GBP,BCH_GBP,XRP_GBP,2024-12-07T13:27:00.000000,2025-01-06T12:27:00.000000,-2.4010640398015846,0.3243511908115038
BCH_GBP-XRP_GBP,BCH_GBP,XRP_GBP,2024-12-24T05:27:00.000000,2025-01-23T04:27:00.000000,-2.504883828081568,0.27691936475782924
BCH_GBP-XRP_GBP,BCH_GBP,XRP_GBP,2025-01-07T16:27:00.000000,2025-02-06T15:27:00.000000,-1.638579477661384,0.7043346625705139
BCH_GBP-XRP_GBP,BCH_GBP,XRP_GBP,2025-01-19T00:27:00.000000,2025-02-17T23:27:00.000000,-4.1776679619056045,0.003942449790783358
BCH_GBP-XRP_GBP,BCH_GBP,XRP_GBP,2025-01-29T02:27:00.000000,2025-02-28T01:27:00.000000,-2.4519996045471446,0.3006386789014769
BCH_GBP-XRP_GBP,BCH_GBP,XRP_GBP,2025-03-25T22:27:00.000000,2025-04-24T21:27:00.000000,-1.867417189521414,0.5964361880101311
BCH_GBP-XRP_GBP,BCH_GBP,XRP_GBP,2025-05-10T17:27:00.000000,2025-06-09T16:27:00.000000,-1.6572456006866687,0.6961342629277998
BCH_GBP-XRP_GBP,BCH_GBP,XRP_GBP,2025-05-24T02:27:00.000000,2025-06-23T01:27:00.000000,-1.377174133806901,0.805230160219678
BCH_GBP-XRP_GBP,BCH_GBP,XRP_GBP,2025-07-02T09:27:00.000000,2025-08-01T08:27:00.000000,-1.536741354164325,0.7468354215062949
BCH_GBP-XRP_GBP,BCH_GBP,XRP_GBP,2025-08-13T08:27:00.000000,2025-09-12T07:27:00.000000,-2.024103533605819,0.5160280290716165
BCH_GBP-XRP_GBP,BCH_GBP,XRP_GBP,2025-08-17T00:27:00.000000,2025-09-15T23:27:00.000000,-2.109851726408505,0.4712184497300268
BCH_GBP-XRP_GBP,BCH_GBP,XRP_GBP,2025-10-05T01:27:00.000000,2025-11-04T00:27:00.000000,-1.9052744472571004,0.5773293160839871
ADA_GBP-XRP_GBP,ADA_GBP,XRP_GBP,2021-07-29T16:27:00.000000,2021-08-28T15:27:00.000000,-1.173406612514141,0.8647275120618336
ADA_GBP-XRP_GBP,ADA_GBP,XRP_GBP,2021-10-25T12:27:00.000000,2021-11-24T11:27:00.000000,-2.8789344887647803,0.1418562636856341
ADA_GBP-XRP_GBP,ADA_GBP,XRP_GBP,2021-11-21T17:27:00.000000,2021-12-21T16:27:00.000000,-3.5158467701066214,0.03101622615113314
ADA_GBP-XRP_GBP,ADA_GBP,XRP_GBP,2021-12-21T14:27:00.000000,2022-01-20T13:27:00.000000,-2.2122868149684582,0.4180367912840453
ADA_GBP-XRP_GBP,ADA_GBP,XRP_GBP,2021-12-31T18:27:00.000000,2022-01-30T17:27:00.000000,-2.3237849742557684,0.361746272157211
ADA_GBP-XRP_GBP,ADA_GBP,XRP_GBP,2022-01-14T19:27:00.000000,2022-02-13T18:27:00.000000,-1.4960630924990461,0.762698613632298
ADA_GBP-XRP_GBP,ADA_GBP,XRP_GBP,2022-01-17T15:27:00.000000,2022-02-16T14:27:00.000000,-3.738380726333035,0.016344250438183335
ADA_GBP-XRP_GBP,ADA_GBP,XRP_GBP,2022-02-19T13:27:00.000000,2022-03-21T12:27:00.000000,-2.9458413142097166,0.12364679344135177
ADA_GBP-XRP_GBP,ADA_GBP,XRP_GBP,2022-02-23T11:27:00.000000,2022-03-25T10:27:00.000000,0.33964198921669086,0.9913175529429558
ADA_GBP-XRP_GBP,ADA_GBP,XRP_GBP,2022-03-28T18:27:00.000000,2022-04-27T17:27:00.000000,-3.6611252678626776,0.020542949239337555
ADA_GBP-XRP_GBP,ADA_GBP,XRP_GBP,2022-05-01T06:27:00.000000,2022-05-31T05:27:00.000000,-5.516849252908628,0.000016574596984213617
ADA_GBP-XRP_GBP,ADA_GBP,XRP_GBP,2022-05-12T10:27:00.000000,2022-06-11T09:27:00.000000,-2.7727694825579503,0.17450277902503675
ADA_GBP-XRP_GBP,ADA_GBP,XRP_GBP,2022-05-24T09:27:00.000000,2022-06-23T08:27:00.000000,-2.2902007848516805,0.3784525687558632
ADA_GBP-XRP_GBP,ADA_GBP,XRP_GBP,2022-06-03T21:27:00.000000,2022-07-03T20:27:00.000000,-2.6935813183193913,0.20189569033305232
ADA_GBP-XRP_GBP,ADA_GBP,XRP_GBP,2022-09-30T08:27:00.000000,2022-10-30T07:27:00.000000,-1.6781298653555643,0.686817351832765
ADA_GBP-XRP_GBP,ADA_GBP,XRP_GBP,2022-10-22T17:27:00.000000,2022-11-21T16:27:00.000000,-2.4423442968509597,0.30507089308114377
ADA_GBP-XRP_GBP,ADA_GBP,XRP_GBP,2022-10-29T05:27:00.000000,2022-11-28T04:27:00.000000,-1.291956835475901,0.8321495064849458
ADA_GBP-XRP_GBP,ADA_GBP,XRP_GBP,2022-11-26T14:27:00.000000,2022-12-26T13:27:00.000000,-2.158768453583811,0.4457162892471458
ADA_GBP-XRP_GBP,ADA_GBP,XRP_GBP,2022-12-12T22:27:00.000000,2023-01-11T21:27:00.000000,-1.343771780660886,0.8161364105748672
ADA_GBP-XRP_GBP,ADA_GBP,XRP_GBP,2023-02-10T08:27:00.000000,2023-03-12T07:27:00.000000,-0.9774812025106548,0.9070355283856069
ADA_GBP-XRP_GBP,ADA_GBP,XRP_GBP,2023-04-24T13:27:00.000000,2023-05-24T12:27:00.000000,-1.6259391889439032,0.7098180694399828
ADA_GBP-XRP_GBP,ADA_GBP,XRP_GBP,2023-06-01T18:27:00.000000,2023-07-01T17:27:00.000000,-2.6391028030052706,0.2222407631534783
ADA_GBP-XRP_GBP,ADA_GBP,XRP_GBP,2023-06-07T03:27:00.000000,2023-07-07T02:27:00.000000,-3.4578504945262756,0.03631927199386914
ADA_GBP-XRP_GBP,ADA_GBP,XRP_GBP,2023-06-11T10:27:00.000000,2023-07-11T09:27:00.000000,-1.859037237026157,0.6006283973125145
ADA_GBP-XRP_GBP,ADA_GBP,XRP_GBP,2023-07-09T05:27:00.000000,2023-08-08T04:27:00.000000,-2.1010378359479263,0.475824665755156
ADA_GBP-XRP_GBP,ADA_GBP,XRP_GBP,2023-07-12T07:27:00.000000,2023-08-11T06:27:00.000000,-3.0700498219839463,0.09447808518623291
ADA_GBP-XRP_GBP,ADA_GBP,XRP_GBP,2023-07-31T04:27:00.000000,2023-08-30T03:27:00.000000,-3.998710962851017,0.007211755201475612
ADA_GBP-XRP_GBP,ADA_GBP,XRP_GBP,2023-08-30T20:27:00.000000,2023-09-29T19:27:00.000000,-3.553801318284329,0.02791483762998015
ADA_GBP-XRP_GBP,ADA_GBP,XRP_GBP,2023-10-15T22:27:00.000000,2023-11-14T21:27:00.000000,-3.227163861734332,0.065501364895372
ADA_GBP-XRP_GBP,ADA_GBP,XRP_GBP,2023-12-03T08:27:00.000000,2024-01-02T07:27:00.000000,-2.4435023024973566,0.3045377226046193
ADA_GBP-XRP_GBP,ADA_GBP,XRP_GBP,2023-12-14T21:27:00.000000,2024-01-13T20:27:00.000000,-4.344406647526807,0.002181026615581876
ADA_GBP-XRP_GBP,ADA_GBP,XRP_GBP,2023-12-16T01:27:00.000000,2024-01-15T00:27:00.000000,-4.329662779789698,0.002300807014087165
ADA_GBP-XRP_GBP,ADA_GBP,XRP_GBP,2023-12-20T00:27:00.000000,2024-01-18T23:27:00.000000,-4.981323865347869,0.00017816256547808698
ADA_GBP-XRP_GBP,ADA_GBP,XRP_GBP,2024-03-19T08:27:00.000000,2024-04-18T07:27:00.000000,-2.3284372995886753,0.359451960606247
ADA_GBP-XRP_GBP,ADA_GBP,XRP_GBP,2024-03-20T03:27:00.000000,2024-04-19T02:27:00.000000,-2.5035964555051446,0.2774851844320043
ADA_GBP-XRP_GBP,ADA_GBP,XRP_GBP,2024-09-01T13:27:00.000000,2024-10-01T12:27:00.000000,-2.973069189620169,0.11674652370689803
ADA_GBP-XRP_GBP,ADA_GBP,XRP_GBP,2024-10-14T04:27:00.000000,2024-11-13T03:27:00.000000,-2.75259178270547,0.18123569644473475
ADA_GBP-XRP_GBP,ADA_GBP,XRP_GBP,2024-10-28T15:27:00.000000,2024-11-27T14:27:00.000000,-2.4964767380534534,0.2806250977649556
ADA_GBP-XRP_GBP,ADA_GBP,XRP_GBP,2024-11-02T04:27:00.000000,2024-12-02T03:27:00.000000,-0.25919709443360006,0.9776748603584969
ADA_GBP-XRP_GBP,ADA_GBP,XRP_GBP,2024-11-06T16:27:00.000000,2024-12-06T15:27:00.000000,-2.3059545809119877,0.3705852918340826
ADA_GBP-XRP_GBP,ADA_GBP,XRP_GBP,2025-01-04T12:27:00.000000,2025-02-03T11:27:00.000000,-0.5949447302047184,0.9568434724166459
ADA_GBP-XRP_GBP,ADA_GBP,XRP_GBP,2025-02-19T13:27:00.000000,2025-03-21T12:27:00.000000,-2.30206965232266,0.3725205006870773
ADA_GBP-XRP_GBP,ADA_GBP,XRP_GBP,2025-02-28T17:27:00.000000,2025-03-30T16:27:00.000000,-2.07385381666633,0.4900389295032919
ADA_GBP-XRP_GBP,ADA_GBP,XRP_GBP,2025-03-20T07:27:00.000000,2025-04-19T06:27:00.000000,-2.9347190175707194,0.12654958083453793
ADA_GBP-XRP_GBP,ADA_GBP,XRP_GBP,2025-03-22T20:27:00.000000,2025-04-21T19:27:00.000000,-2.927989309290346,0.12832983340901893
ADA_GBP-XRP_GBP,ADA_GBP,XRP_GBP,2025-04-04T04:27:00.000000,2025-05-04T03:27:00.000000,-4.217384757953619,0.003432602818553256
ADA_GBP-XRP_GBP,ADA_GBP,XRP_GBP,2025-04-17T14:27:00.000000,2025-05-17T13:27:00.000000,-3.525823476131082,0.030173830626705152
ADA_GBP-XRP_GBP,ADA_GBP,XRP_GBP,2025-06-28T06:27:00.000000,2025-07-28T05:27:00.000000,-5.899667683259014,2.664019700280118e-6
ADA_GBP-XRP_GBP,ADA_GBP,XRP_GBP,2025-09-05T01:27:00.000000,2025-10-05T00:27:00.000000,-4.213360452376048,0.00348136111757296
ADA_GBP-XRP_GBP,ADA_GBP,XRP_GBP,2025-10-08T09:27:00.000000,2025-11-07T08:27:00.000000,-1.9907943019261811,0.5333599147624289
